metadata_key,listing_count
_edit_last,92
fave_property_price,92
fave_show_price_placeholder,92
fave_property_map,92
fave_property_location,92
houzez_geolocation_lat,92
houzez_geolocation_long,92
fave_property_map_street_view,92
fave_featured,92
houzez_featured_listing_date,92
fave_loggedintoview,92
fave_agent_display_option,92
fave_prop_homeslider,92
fave_single_top_area,92
fave_single_content_area,92
houzez_manual_expire,92
_houzez_expiration_date_status,92
fave_payment_status,92
houzez_total_property_views,92
houzez_views_by_date,92
houzez_recently_viewed,92
_thumbnail_id,92
fave_property_bedrooms,92
fave_property_bathrooms,92
fave_property_map_address,92
fave_property_address,92
_yoast_wpseo_primary_property_type,92
_yoast_wpseo_primary_property_status,92
_yoast_wpseo_primary_property_feature,92
_yoast_wpseo_primary_property_label,92
_yoast_wpseo_primary_property_country,92
_yoast_wpseo_primary_property_state,92
_yoast_wpseo_primary_property_city,92
_yoast_wpseo_content_score,92
_yoast_wpseo_estimated-reading-time-minutes,92
_eael_post_view_count,92
wpr_secondary_image_id,92
_elementor_page_assets,92
fave_property_size_prefix,90
fave_property_images,90
fave_property_size,89
fave_property_garage,89
fave_agents,89
fave_developer,85
_pys_head_footer,83
fave_deposit-structure,82
fave_estimated-completion,82
_yoast_wpseo_metadesc,73
_yoast_wpseo_title,44
_yoast_wpseo_focuskw,40
_yoast_wpseo_linkdex,40
rs_page_bg_color,8
fave_property_rooms,7
fave_exterior,7
fave_taxes,7
fave_tax-year,7
fave_kitchens,7
fave_mls-id,7
fave_video_url,6
fave_lot-size,6
fave_basement,5
fave_max-bedroom,4
floor_plans,1
additional_features,1
