section_heading,listing_count
Overview,38
Property Highlights:,7
Community Features:,4
Project Highlights Of Great Gulf,2
Project Highlights of Hansler Village in Welland,2
Discover Empire Riverland Detached Homes in Kitchener: Your Dream New Home in Breslau,1
Freehold Townhomes & Detached Homes in Brantford,1
Project Highlights of Empire Wyndfield Homes in Brantford,1
Project Highlights of Empire Legacy Pre construction homes in Thorold,1
Pre construction homes in Caledon : A New Community in Caledon by Mattamy Homes,1
Project Highlights of Mattamy Homes in Caledon,1
Deposit Structures of Ellis Lane Pre construction Homes in Caledon,1
New Townhomes in Oakville For Sale By Fernbook Homes,1
"Empire Canals – Freehold Detached Homes In Welland, Niagara",1
Project Highlights of Empire Canals in Welland,1
New Townhomes in Cambridge for Sale by Treasure Hill,1
Project Highlights of Marquis Series by Treasure Hill in Cambridge,1
Deposit Structure of Marquis Series by Treasure Hill,1
New Townhomes in Hamilton—Mount Hope by Cachet Homes,1
Project Highlights of Mount Hope Homes Hamilton,1
Introducing Milton Village Towns by Great Gulf in Milton,1
Project Highlights of Milton Village Towns & Homes In Milton,1
Deposit Structures of Pre - Construction Milton Village Homes,1
Discover Modern Living at Vicinity West by Mattamy Homes in Barrie,1
Project Highlights Of Mattamy Towns and Detached Homes In Barrie,1
Deposit Structures of Mattamy Homes in Barrie,1
New Homes in Whitby For Sale By Opus Homes,1
Project Highlights Of Meadows Pre construction homes in Whitby,1
Deposit Structure Of Meadows By Opus Homes,1
Meadowlark Enclave Exclusive Pre-Construction Homes in Bolton,1
Project Highlights of Meadowlark Homes in Bolton,1
Deposit Structures of Treasure Hill in Bolton,1
New Detached and Townhomes in Woodstock For Sale By Cachet Homes,1
Project Highlights Of Heartwood By Cachet Homes,1
Deposit Structure Of Heartwood By Cachet Homes,1
New Homes for Sale in Grandview - Festival West by Grandview Homes in Stratford,1
Project Highlights of Grandview Homes in Stratford,1
"Deposit Structures of Festival West By Grandview, Stratford",1
Project Highlights of Seaton Whitevale by Mattamy,1
Deposit Structure of Seaton Whitevale by Mattamy,1
New Townhomes in Oshawa For Sale By Minto,1
Project Highlights Of Oshawa Homes,1
Deposit Structure Of eights Of Harmony By Minto,1
New Detached & Townhomes in Paris For Sale By Grandview,1
Project Highlights of Arlington Meadows By Grandview,1
Discover Mount Hope Preconstruction Townhomes in Hamilton,1
Project Highlights of Dicenzo Homes in Hamilton,1
Deposit Structure of Mount Hope Preconstruction Townhomes in Hamilton,1
Project Highlights Of Juniper Gate Remington Homes In Georgetown,1
Deposit Structures Of Juniper Gate By Remington Homes,1
The Willows: Courtice Pre-Construction Towns For Sale,1
Project Highlights Of Marlin Spring,1
Deposit Structures Of Willows Marlin Spring In Courtice,1
New Detached and Townhomes in Barrie For Sale By Regal Crest,1
"Project Highlights Of Regal Crest, Pre construction homes in Barrie",1
"Deposit Structure Of Regal Crest, Barrie",1
Deposit Structure Of Terra In Barrie,1
Deposit Structure Of Summerlyn Village In Bradford,1
Project Highlights Of Countrywide,1
Deposit Structure Of Bodhi Towns In Brampton,1
New Detached and Townhomes in Oakville For Sale By Oakville,1
Project Highlights Of Remington Homes,1
Deposit Structure Of East Preserve In Oakville,1
Why Empire Avalon Homes in Caledonia is a Smart Investment?,1
Project Highlights of Detached Homes in Caledonia- Gateway Phase 2,1
Deposit Structures of Pre Construction Homes in Caledonia,1
Project Highlights of Ridgeview Homes in Cambridge,1
Deposit Structures of Moffat Creek Pre construction Homes in Cambridge,1
Project Highlights of Caivan Homes in Ottawa,1
Deposit Structures of Cassette Pre construction Homes in Ottawa,1
Discover Your Family's Perfect Haven at Erin Glen,1
Project Highlights Of Erin glen Detached homes in Erin,1
Project Highlights Of Black Oaks Townhomes in Cambridge,1
Project Highlights of Union by Mattamy Homes,1
Project Highlights Of Menkes By Winchester Estates,1
Project Highlights Of Brooklin By Zancor Homes,1
Project Highlights of Meadows by Field gate Homes,1
Project Highlights Of Dreamscape in Oshawa,1
Project Highlights Of Brightside in Brampton,1
Project Highlights Of Palmetto By Treasure Hills,1
Project Highlights Of Sienna Woods By Liv Communities,1
Project Highlights Of Seaton Winding Woods in Pickering,1
Project Highlights Of Northshore in Burlington,1
Project Highlights Of Thomson Towns in Scarborough,1
Project Highlights Of Mayfield Village,1
Project Highlights Of Cachet Binbrook,1
Deposit Structure Of Cachet Binbrook In Binbrook,1
Project Highlights Of Luma By Liv Communities,1
Project Highlights Of Traditions of Country Lane By Andrin Homes,1
Project Highlights Of Whitby Meadows Great Gulf,1
Deposit Structures of Hansler Village in Welland,1
Project Highlights of Great Gulf in Brampton,1
Deposit Structures of Great Gulf in Brampton,1
Project Highlights Of Cadence By Fusion,1
Project Highlights of Creekview by Branthaven,1
Project Highlights of Alister by Fusion Homes,1
Project Highlights of Five Creeks by Great Gulf,1
Project Highlights of Stone rose by Treasure Hill in Niagara,1
Project Highlights of Wild Indigo by Madison Group in Kitchener,1
Project Highlights of Clairmont by Mattamy Homes,1
Project Highlights of Harvest Park by Activa in Kitchener,1
Project Highlights of Trailside by Distrikt in Oakville,1
Project Highlights of Havendale by Cachet Homes,1
Project Highlights of Ellis Lane by Poetry Living,1
Project Highlights of The Nine by Mattamy Homes in Mississauga,1
Deposit Structures of The Nine by Mattamy Homes,1
Project Highlights of Upper Joshua by Mattamy Homes in Oakville,1
Deposit Structures of Upper Joshua by Mattamy Homes,1
Project Highlights of Scenic Ridge by Liv Communities in Paris,1
Deposit Structures of Scenic Ridge by Liv Communities,1
Project Highlights of Southcal by Deco Homes in Caledon,1
Project Highlights of Crown of Caledon by Fieldgates in Caledon,1
Project Highlights of SouthCal by Arista Homes in Caledon,1
Project Highlights of Aura Lakeview Village by Caivan in Mississauga,1
Deposit Structure of Aura Lakeview Village by Caivan,1
